{
  "Packages": [
    {
      "Package": {
        "Id": "Microsoft.Activities",
        "Version": "1.0.1"
      },
      "Assemblies": [
        "C:\\Users\\user\\.nuget\\packages\\microsoft.activities/1.0.1\\lib/net45/Microsoft.Activities.Design.Services.dll",
        "C:\\Users\\user\\.nuget\\packages\\microsoft.activities/1.0.1\\lib/net45/Microsoft.Activities.Design.dll",
        "C:\\Users\\user\\.nuget\\packages\\microsoft.activities/1.0.1\\lib/net45/Microsoft.Activities.dll",
        "C:\\Users\\user\\.nuget\\packages\\microsoft.activities/1.0.1\\lib/net45/Microsoft.Workflow.Client.dll",
        "C:\\Users\\user\\.nuget\\packages\\microsoft.activities/1.0.1\\lib/net45/Microsoft.Workflow.Common.dll",
        "C:\\Users\\user\\.nuget\\packages\\microsoft.activities/1.0.1\\lib/net45/Microsoft.Workflow.Tracing.dll"
      ]
    },
    {
      "Package": {
        "Id": "Microsoft.Activities.Extensions",
        "Version": "2.0.6.9"
      },
      "Assemblies": [
        "C:\\Users\\user\\.nuget\\packages\\microsoft.activities.extensions/2.0.6.9\\lib/Net45/Microsoft.Activities.Extensions.Design.dll",
        "C:\\Users\\user\\.nuget\\packages\\microsoft.activities.extensions/2.0.6.9\\lib/Net45/Microsoft.Activities.Extensions.dll"
      ]
    },
    {
      "Package": {
        "Id": "Twilio.Workflow.Activities",
        "Version": "1.0.0"
      },
      "Assemblies": [
        "C:\\Users\\user\\.nuget\\packages\\restsharp/105.0.1\\lib/net4/RestSharp.dll",
        "C:\\Users\\user\\.nuget\\packages\\twilio/3.6.18\\lib/3.5/Twilio.Api.dll",
        "C:\\Users\\user\\.nuget\\packages\\twilio.workflow.activities/1.0.0\\lib/net40-Client/Twilio.Workflow.Activities.dll"
      ]
    },
    {
      "Package": {
        "Id": "UiPath.Cognitive.Activities",
        "Version": "2.0.6716.19435"
      },
      "Assemblies": [
        "C:\\Users\\user\\.nuget\\packages\\newtonsoft.json/10.0.3\\lib/net45/Newtonsoft.Json.dll",
        "C:\\Users\\user\\.nuget\\packages\\uipath.cognitive.activities/2.0.6716.19435\\lib/net45/UiPath.Cognitive.Activities.Design.dll",
        "C:\\Users\\user\\.nuget\\packages\\uipath.cognitive.activities/2.0.6716.19435\\lib/net45/UiPath.Cognitive.Activities.dll",
        "C:\\Users\\user\\.nuget\\packages\\uipath.cognitive.activities/2.0.6716.19435\\lib/net45/UiPath.Cognitive.dll"
      ]
    },
    {
      "Package": {
        "Id": "UiPath.Credentials.Activities",
        "Version": "1.1.6479.13204"
      },
      "Assemblies": [
        "C:\\Users\\user\\.nuget\\packages\\credentialmanagement/1.0.2\\lib/net35/CredentialManagement.dll",
        "C:\\Users\\user\\.nuget\\packages\\uipath.credentials.activities/1.1.6479.13204\\lib/net40-client/UiPath.Credentials.Activities.dll"
      ]
    },
    {
      "Package": {
        "Id": "UiPath.Database.Activities",
        "Version": "1.1.6660.26865"
      },
      "Assemblies": [
        "C:\\Users\\user\\.nuget\\packages\\uipath.database.activities/1.1.6660.26865\\lib/net40-Client/Microsoft.Data.ConnectionUI.Dialog.dll",
        "C:\\Users\\user\\.nuget\\packages\\uipath.database.activities/1.1.6660.26865\\lib/net40-Client/UiPath.Database.Activities.Design.dll",
        "C:\\Users\\user\\.nuget\\packages\\uipath.database.activities/1.1.6660.26865\\lib/net40-Client/UiPath.Database.Activities.dll",
        "C:\\Users\\user\\.nuget\\packages\\uipath.database.activities/1.1.6660.26865\\lib/net40-Client/UiPath.Database.dll"
      ]
    },
    {
      "Package": {
        "Id": "UiPath.Excel.Activities",
        "Version": "2.3.6682.26635"
      },
      "Assemblies": [
        "C:\\Users\\user\\.nuget\\packages\\closedxml/0.87.1\\lib/net40/ClosedXML.dll",
        "C:\\Users\\user\\.nuget\\packages\\csvhelper/2.13.5\\lib/net40-client/CsvHelper.dll",
        "C:\\Users\\user\\.nuget\\packages\\documentformat.openxml/2.5.0\\lib/DocumentFormat.OpenXml.dll",
        "C:\\Users\\user\\.nuget\\packages\\epplus/4.0.4\\lib/net20/EPPlus.dll",
        "C:\\Users\\user\\.nuget\\packages\\npoi/2.2.1\\lib/net40/NPOI.OOXML.dll",
        "C:\\Users\\user\\.nuget\\packages\\npoi/2.2.1\\lib/net40/NPOI.OpenXml4Net.dll",
        "C:\\Users\\user\\.nuget\\packages\\npoi/2.2.1\\lib/net40/NPOI.OpenXmlFormats.dll",
        "C:\\Users\\user\\.nuget\\packages\\npoi/2.2.1\\lib/net40/NPOI.dll",
        "C:\\Users\\user\\.nuget\\packages\\sharpziplib/0.86.0\\lib/20/ICSharpCode.SharpZipLib.dll",
        "C:\\Users\\user\\.nuget\\packages\\uipath.excel.activities/2.3.6682.26635\\lib/net452/UiPath.Excel.Activities.Design.dll",
        "C:\\Users\\user\\.nuget\\packages\\uipath.excel.activities/2.3.6682.26635\\lib/net452/UiPath.Excel.Activities.dll",
        "C:\\Users\\user\\.nuget\\packages\\uipath.excel.activities/2.3.6682.26635\\lib/net452/UiPath.Excel.dll"
      ]
    },
    {
      "Package": {
        "Id": "UiPath.FTP.Activities",
        "Version": "1.0.6479.13206"
      },
      "Assemblies": [
        "C:\\Users\\user\\.nuget\\packages\\ssh.net/2013.4.7\\lib/net40/Renci.SshNet.dll",
        "C:\\Users\\user\\.nuget\\packages\\system.net.ftpclient/1.0.5281.14359\\lib/net40/System.Net.FtpClient.dll",
        "C:\\Users\\user\\.nuget\\packages\\uipath.ftp.activities/1.0.6479.13206\\lib/net40/UiPath.FTP.Activities.Design.dll",
        "C:\\Users\\user\\.nuget\\packages\\uipath.ftp.activities/1.0.6479.13206\\lib/net40/UiPath.FTP.Activities.dll"
      ]
    },
    {
      "Package": {
        "Id": "UiPath.IntelligentOCR.Activities",
        "Version": "1.0.6725.18428"
      },
      "Assemblies": [
        "C:\\Users\\user\\.nuget\\packages\\uipath.intelligentocr.activities/1.0.6725.18428\\lib/net452/FCEngine.VisualComponents.dll",
        "C:\\Users\\user\\.nuget\\packages\\uipath.intelligentocr.activities/1.0.6725.18428\\lib/net452/Interop.FCEngine.dll",
        "C:\\Users\\user\\.nuget\\packages\\uipath.intelligentocr.activities/1.0.6725.18428\\lib/net452/UiPath.IntelligentOCR.Activities.Design.dll",
        "C:\\Users\\user\\.nuget\\packages\\uipath.intelligentocr.activities/1.0.6725.18428\\lib/net452/UiPath.IntelligentOCR.Activities.dll",
        "C:\\Users\\user\\.nuget\\packages\\uipath.intelligentocr.activities/1.0.6725.18428\\lib/net452/UiPath.IntelligentOCR.dll"
      ]
    },
    {
      "Package": {
        "Id": "UiPath.Mail.Activities",
        "Version": "1.1.6562.21018"
      },
      "Assemblies": [
        "C:\\Users\\user\\.nuget\\packages\\bouncycastle/1.8.1\\lib/BouncyCastle.Crypto.dll",
        "C:\\Users\\user\\.nuget\\packages\\microsoft.exchange.webservices/2.2.0\\lib/40/Microsoft.Exchange.WebServices.Auth.dll",
        "C:\\Users\\user\\.nuget\\packages\\microsoft.exchange.webservices/2.2.0\\lib/40/Microsoft.Exchange.WebServices.dll",
        "C:\\Users\\user\\.nuget\\packages\\uipath.mail.activities/1.1.6562.21018\\lib/net40/MailKit.dll",
        "C:\\Users\\user\\.nuget\\packages\\uipath.mail.activities/1.1.6562.21018\\lib/net40/MimeKit.dll",
        "C:\\Users\\user\\.nuget\\packages\\uipath.mail.activities/1.1.6562.21018\\lib/net40/UiPath.Mail.Activities.Design.dll",
        "C:\\Users\\user\\.nuget\\packages\\uipath.mail.activities/1.1.6562.21018\\lib/net40/UiPath.Mail.Activities.dll",
        "C:\\Users\\user\\.nuget\\packages\\uipath.mail.activities/1.1.6562.21018\\lib/net40/UiPath.Mail.dll"
      ]
    },
    {
      "Package": {
        "Id": "UiPath.PDF.Activities",
        "Version": "1.1.6732.21973"
      },
      "Assemblies": [
        "C:\\Users\\user\\.nuget\\packages\\uipath.pdf.activities/1.1.6732.21973\\lib/net40-Client/UiPath.PDF.Activities.Design.dll",
        "C:\\Users\\user\\.nuget\\packages\\uipath.pdf.activities/1.1.6732.21973\\lib/net40-Client/UiPath.PDF.Activities.dll",
        "C:\\Users\\user\\.nuget\\packages\\uipath.pdf.activities/1.1.6732.21973\\lib/net40-Client/UiPath.PDF.dll",
        "C:\\Users\\user\\.nuget\\packages\\uipath.pdf.activities/1.1.6732.21973\\lib/net40-Client/x86/pdfium.dll"
      ]
    },
    {
      "Package": {
        "Id": "UiPath.Python.Activities",
        "Version": "1.0.6716.23055"
      },
      "Assemblies": [
        "C:\\Users\\user\\.nuget\\packages\\uipath.python.activities/1.0.6716.23055\\lib/net452/Python.Runtime.27.dll",
        "C:\\Users\\user\\.nuget\\packages\\uipath.python.activities/1.0.6716.23055\\lib/net452/Python.Runtime.33.dll",
        "C:\\Users\\user\\.nuget\\packages\\uipath.python.activities/1.0.6716.23055\\lib/net452/Python.Runtime.34.dll",
        "C:\\Users\\user\\.nuget\\packages\\uipath.python.activities/1.0.6716.23055\\lib/net452/Python.Runtime.35.dll",
        "C:\\Users\\user\\.nuget\\packages\\uipath.python.activities/1.0.6716.23055\\lib/net452/Python.Runtime.36.dll",
        "C:\\Users\\user\\.nuget\\packages\\uipath.python.activities/1.0.6716.23055\\lib/net452/UiPath.Python.Activities.Design.dll",
        "C:\\Users\\user\\.nuget\\packages\\uipath.python.activities/1.0.6716.23055\\lib/net452/UiPath.Python.Activities.dll",
        "C:\\Users\\user\\.nuget\\packages\\uipath.python.activities/1.0.6716.23055\\lib/net452/UiPath.Python.dll"
      ]
    },
    {
      "Package": {
        "Id": "UiPath.System.Activities",
        "Version": "18.4.2"
      },
      "Assemblies": [
        "C:\\Users\\user\\.nuget\\packages\\csvhelper/2.13.5\\lib/net40-client/CsvHelper.dll",
        "C:\\Users\\user\\.nuget\\packages\\microsoft.rest.clientruntime/2.3.10\\lib/net452/Microsoft.Rest.ClientRuntime.dll",
        "C:\\Users\\user\\.nuget\\packages\\newtonsoft.json/10.0.3\\lib/net45/Newtonsoft.Json.dll",
        "C:\\Users\\user\\.nuget\\packages\\uipath.system.activities/18.4.2\\lib/net461/ActiproSoftware.Docking.Wpf.dll",
        "C:\\Users\\user\\.nuget\\packages\\uipath.system.activities/18.4.2\\lib/net461/ActiproSoftware.Ribbon.Wpf.dll",
        "C:\\Users\\user\\.nuget\\packages\\uipath.system.activities/18.4.2\\lib/net461/ActiproSoftware.Shared.Wpf.dll",
        "C:\\Users\\user\\.nuget\\packages\\uipath.system.activities/18.4.2\\lib/net461/ActiproSoftware.SyntaxEditor.Addons.DotNet.Wpf.dll",
        "C:\\Users\\user\\.nuget\\packages\\uipath.system.activities/18.4.2\\lib/net461/ActiproSoftware.SyntaxEditor.Wpf.dll",
        "C:\\Users\\user\\.nuget\\packages\\uipath.system.activities/18.4.2\\lib/net461/ActiproSoftware.Text.Addons.DotNet.Wpf.dll",
        "C:\\Users\\user\\.nuget\\packages\\uipath.system.activities/18.4.2\\lib/net461/ActiproSoftware.Text.LLParser.Wpf.dll",
        "C:\\Users\\user\\.nuget\\packages\\uipath.system.activities/18.4.2\\lib/net461/ActiproSoftware.Text.Wpf.dll",
        "C:\\Users\\user\\.nuget\\packages\\uipath.system.activities/18.4.2\\lib/net461/ActiproSoftware.Wizard.Wpf.dll",
        "C:\\Users\\user\\.nuget\\packages\\uipath.system.activities/18.4.2\\lib/net461/UiPath.OrchestratorClient.dll",
        "C:\\Users\\user\\.nuget\\packages\\uipath.system.activities/18.4.2\\lib/net461/UiPath.System.Activities.Design.dll",
        "C:\\Users\\user\\.nuget\\packages\\uipath.system.activities/18.4.2\\lib/net461/UiPath.System.Activities.dll"
      ]
    },
    {
      "Package": {
        "Id": "UiPath.Terminal.Activities",
        "Version": "1.1.6464.20815"
      },
      "Assemblies": [
        "C:\\Users\\user\\.nuget\\packages\\fluent.ribbon/3.5.1.198\\lib/net45/Fluent.dll",
        "C:\\Users\\user\\.nuget\\packages\\fluent.ribbon/3.5.1.198\\lib/net45/System.Windows.Interactivity.dll",
        "C:\\Users\\user\\.nuget\\packages\\uipath.terminal.activities/1.1.6464.20815\\lib/net45/Exceptionless.Extras.dll",
        "C:\\Users\\user\\.nuget\\packages\\uipath.terminal.activities/1.1.6464.20815\\lib/net45/Exceptionless.Portable.dll",
        "C:\\Users\\user\\.nuget\\packages\\uipath.terminal.activities/1.1.6464.20815\\lib/net45/Exceptionless.dll",
        "C:\\Users\\user\\.nuget\\packages\\uipath.terminal.activities/1.1.6464.20815\\lib/net45/NLog.dll",
        "C:\\Users\\user\\.nuget\\packages\\uipath.terminal.activities/1.1.6464.20815\\lib/net45/Open3270.dll",
        "C:\\Users\\user\\.nuget\\packages\\uipath.terminal.activities/1.1.6464.20815\\lib/net45/UiPath.Terminal.Activities.Design.dll",
        "C:\\Users\\user\\.nuget\\packages\\uipath.terminal.activities/1.1.6464.20815\\lib/net45/UiPath.Terminal.Activities.dll",
        "C:\\Users\\user\\.nuget\\packages\\uipath.terminal.activities/1.1.6464.20815\\lib/net45/UiPath.Terminal.Attachmate.dll",
        "C:\\Users\\user\\.nuget\\packages\\uipath.terminal.activities/1.1.6464.20815\\lib/net45/UiPath.Terminal.AttachmateExtra.dll",
        "C:\\Users\\user\\.nuget\\packages\\uipath.terminal.activities/1.1.6464.20815\\lib/net45/UiPath.Terminal.BlueZone.dll",
        "C:\\Users\\user\\.nuget\\packages\\uipath.terminal.activities/1.1.6464.20815\\lib/net45/UiPath.Terminal.IBM.dll",
        "C:\\Users\\user\\.nuget\\packages\\uipath.terminal.activities/1.1.6464.20815\\lib/net45/UiPath.Terminal.dll"
      ]
    },
    {
      "Package": {
        "Id": "UiPath.UIAutomation.Activities",
        "Version": "18.4.3"
      },
      "Assemblies": [
        "C:\\Users\\user\\.nuget\\packages\\avalonedit/5.0.3\\lib/Net40/ICSharpCode.AvalonEdit.dll",
        "C:\\Users\\user\\.nuget\\packages\\caliburn.micro/3.0.1\\lib/net45/Caliburn.Micro.Platform.Core.dll",
        "C:\\Users\\user\\.nuget\\packages\\caliburn.micro/3.0.1\\lib/net45/Caliburn.Micro.Platform.dll",
        "C:\\Users\\user\\.nuget\\packages\\caliburn.micro/3.0.1\\lib/net45/System.Windows.Interactivity.dll",
        "C:\\Users\\user\\.nuget\\packages\\caliburn.micro.core/3.0.1\\lib/net45/Caliburn.Micro.dll",
        "C:\\Users\\user\\.nuget\\packages\\extended.wpf.toolkit/2.8.0\\lib/net40/Xceed.Wpf.AvalonDock.Themes.Aero.dll",
        "C:\\Users\\user\\.nuget\\packages\\extended.wpf.toolkit/2.8.0\\lib/net40/Xceed.Wpf.AvalonDock.Themes.Metro.dll",
        "C:\\Users\\user\\.nuget\\packages\\extended.wpf.toolkit/2.8.0\\lib/net40/Xceed.Wpf.AvalonDock.Themes.VS2010.dll",
        "C:\\Users\\user\\.nuget\\packages\\extended.wpf.toolkit/2.8.0\\lib/net40/Xceed.Wpf.AvalonDock.dll",
        "C:\\Users\\user\\.nuget\\packages\\extended.wpf.toolkit/2.8.0\\lib/net40/Xceed.Wpf.DataGrid.dll",
        "C:\\Users\\user\\.nuget\\packages\\extended.wpf.toolkit/2.8.0\\lib/net40/Xceed.Wpf.Toolkit.dll",
        "C:\\Users\\user\\.nuget\\packages\\humanizer.core/2.4.2\\lib/netstandard2.0/Humanizer.dll",
        "C:\\Users\\user\\.nuget\\packages\\uipath/10.0.6929.25268\\lib/UiPath.Interop.dll",
        "C:\\Users\\user\\.nuget\\packages\\uipath.uiautomation.activities/18.4.3\\lib/net461/ActiproSoftware.Docking.Wpf.dll",
        "C:\\Users\\user\\.nuget\\packages\\uipath.uiautomation.activities/18.4.3\\lib/net461/ActiproSoftware.Editors.Wpf.dll",
        "C:\\Users\\user\\.nuget\\packages\\uipath.uiautomation.activities/18.4.3\\lib/net461/ActiproSoftware.Ribbon.Wpf.dll",
        "C:\\Users\\user\\.nuget\\packages\\uipath.uiautomation.activities/18.4.3\\lib/net461/ActiproSoftware.Shared.Wpf.dll",
        "C:\\Users\\user\\.nuget\\packages\\uipath.uiautomation.activities/18.4.3\\lib/net461/ActiproSoftware.SyntaxEditor.Addons.DotNet.Wpf.dll",
        "C:\\Users\\user\\.nuget\\packages\\uipath.uiautomation.activities/18.4.3\\lib/net461/ActiproSoftware.SyntaxEditor.Wpf.dll",
        "C:\\Users\\user\\.nuget\\packages\\uipath.uiautomation.activities/18.4.3\\lib/net461/ActiproSoftware.Text.Addons.DotNet.Wpf.dll",
        "C:\\Users\\user\\.nuget\\packages\\uipath.uiautomation.activities/18.4.3\\lib/net461/ActiproSoftware.Text.LLParser.Wpf.dll",
        "C:\\Users\\user\\.nuget\\packages\\uipath.uiautomation.activities/18.4.3\\lib/net461/ActiproSoftware.Text.Wpf.dll",
        "C:\\Users\\user\\.nuget\\packages\\uipath.uiautomation.activities/18.4.3\\lib/net461/ActiproSoftware.Wizard.Wpf.dll",
        "C:\\Users\\user\\.nuget\\packages\\uipath.uiautomation.activities/18.4.3\\lib/net461/UiPath.UIAutomation.Activities.Design.dll",
        "C:\\Users\\user\\.nuget\\packages\\uipath.uiautomation.activities/18.4.3\\lib/net461/UiPath.UiAutomation.Activities.dll",
        "C:\\Users\\user\\.nuget\\packages\\uipath.uiautomation.activities/18.4.3\\lib/net461/UiPath.Wizards.dll",
        "C:\\Users\\user\\.nuget\\packages\\uipath.vision/1.2.0\\lib/net452/UiPath.NeuralNet.dll",
        "C:\\Users\\user\\.nuget\\packages\\uipath.vision/1.2.0\\lib/net452/UiPath.Vision.Core.dll",
        "C:\\Users\\user\\.nuget\\packages\\uipath.vision/1.2.0\\lib/net452/UiPath.Vision.Package.dll",
        "C:\\Users\\user\\.nuget\\packages\\uipath.vision/1.2.0\\lib/net452/UiPath.Vision.dll"
      ]
    },
    {
      "Package": {
        "Id": "UiPath.WebAPI.Activities",
        "Version": "1.1.6479.13209"
      },
      "Assemblies": [
        "C:\\Users\\user\\.nuget\\packages\\avalonedit/5.0.3\\lib/Net40/ICSharpCode.AvalonEdit.dll",
        "C:\\Users\\user\\.nuget\\packages\\newtonsoft.json/10.0.3\\lib/net45/Newtonsoft.Json.dll",
        "C:\\Users\\user\\.nuget\\packages\\restsharp/105.0.1\\lib/net4/RestSharp.dll",
        "C:\\Users\\user\\.nuget\\packages\\uipath.webapi.activities/1.1.6479.13209\\lib/net45/UiPath.Web.Activities.Design.dll",
        "C:\\Users\\user\\.nuget\\packages\\uipath.webapi.activities/1.1.6479.13209\\lib/net45/UiPath.Web.Activities.dll",
        "C:\\Users\\user\\.nuget\\packages\\uipath.webapi.activities/1.1.6479.13209\\lib/net45/UiPath.Web.dll"
      ]
    },
    {
      "Package": {
        "Id": "UiPath.Word.Activities",
        "Version": "1.1.6479.13205"
      },
      "Assemblies": [
        "C:\\Users\\user\\.nuget\\packages\\docx/1.0.0.18\\lib/net40/DocX.dll",
        "C:\\Users\\user\\.nuget\\packages\\uipath.word.activities/1.1.6479.13205\\lib/net40-client/UiPath.Word.Activities.Design.dll",
        "C:\\Users\\user\\.nuget\\packages\\uipath.word.activities/1.1.6479.13205\\lib/net40-client/UiPath.Word.Activities.dll",
        "C:\\Users\\user\\.nuget\\packages\\uipath.word.activities/1.1.6479.13205\\lib/net40-client/UiPath.Word.dll"
      ]
    }
  ],
  "Conflicts": [],
  "ResolvedDependencies": {
    "AvalonEdit": {
      "Id": "AvalonEdit",
      "Version": "5.0.3",
      "Dependencies": []
    },
    "BouncyCastle": {
      "Id": "BouncyCastle",
      "Version": "1.8.1",
      "Dependencies": []
    },
    "Caliburn.Micro": {
      "Id": "Caliburn.Micro",
      "Version": "3.0.1",
      "Dependencies": [
        {
          "Item1": "Caliburn.Micro.Core",
          "Item2": "[3.0.1, 3.0.1]"
        }
      ]
    },
    "Caliburn.Micro.Core": {
      "Id": "Caliburn.Micro.Core",
      "Version": "3.0.1",
      "Dependencies": []
    },
    "ClosedXML": {
      "Id": "ClosedXML",
      "Version": "0.87.1",
      "Dependencies": [
        {
          "Item1": "DocumentFormat.OpenXml",
          "Item2": "[2.5.0, )"
        }
      ]
    },
    "CredentialManagement": {
      "Id": "CredentialManagement",
      "Version": "1.0.2",
      "Dependencies": []
    },
    "CsvHelper": {
      "Id": "CsvHelper",
      "Version": "2.13.5",
      "Dependencies": []
    },
    "DocumentFormat.OpenXml": {
      "Id": "DocumentFormat.OpenXml",
      "Version": "2.5.0",
      "Dependencies": []
    },
    "DocX": {
      "Id": "DocX",
      "Version": "1.0.0.18",
      "Dependencies": []
    },
    "EPPlus": {
      "Id": "EPPlus",
      "Version": "4.0.4",
      "Dependencies": []
    },
    "Extended.Wpf.Toolkit": {
      "Id": "Extended.Wpf.Toolkit",
      "Version": "2.8.0",
      "Dependencies": []
    },
    "Fluent.Ribbon": {
      "Id": "Fluent.Ribbon",
      "Version": "3.5.1.198",
      "Dependencies": []
    },
    "Humanizer.Core": {
      "Id": "Humanizer.Core",
      "Version": "2.4.2",
      "Dependencies": []
    },
    "Microsoft.Activities": {
      "Id": "Microsoft.Activities",
      "Version": "1.0.1",
      "Dependencies": []
    },
    "Microsoft.Activities.Extensions": {
      "Id": "Microsoft.Activities.Extensions",
      "Version": "2.0.6.9",
      "Dependencies": []
    },
    "Microsoft.Exchange.WebServices": {
      "Id": "Microsoft.Exchange.WebServices",
      "Version": "2.2.0",
      "Dependencies": []
    },
    "Microsoft.Rest.ClientRuntime": {
      "Id": "Microsoft.Rest.ClientRuntime",
      "Version": "2.3.10",
      "Dependencies": [
        {
          "Item1": "Newtonsoft.Json",
          "Item2": "[6.0.8, )"
        }
      ]
    },
    "Newtonsoft.Json": {
      "Id": "Newtonsoft.Json",
      "Version": "10.0.3",
      "Dependencies": []
    },
    "NPOI": {
      "Id": "NPOI",
      "Version": "2.2.1",
      "Dependencies": [
        {
          "Item1": "SharpZipLib",
          "Item2": "[0.86.0, )"
        }
      ]
    },
    "RestSharp": {
      "Id": "RestSharp",
      "Version": "105.0.1",
      "Dependencies": []
    },
    "SharpZipLib": {
      "Id": "SharpZipLib",
      "Version": "0.86.0",
      "Dependencies": []
    },
    "SSH.NET": {
      "Id": "SSH.NET",
      "Version": "2013.4.7",
      "Dependencies": []
    },
    "System.Net.FtpClient": {
      "Id": "System.Net.FtpClient",
      "Version": "1.0.5281.14359",
      "Dependencies": []
    },
    "Twilio": {
      "Id": "Twilio",
      "Version": "3.6.18",
      "Dependencies": [
        {
          "Item1": "RestSharp",
          "Item2": "(, )"
        }
      ]
    },
    "Twilio.Workflow.Activities": {
      "Id": "Twilio.Workflow.Activities",
      "Version": "1.0.0",
      "Dependencies": [
        {
          "Item1": "Twilio",
          "Item2": "[3.6.18, )"
        }
      ]
    },
    "UiPath": {
      "Id": "UiPath",
      "Version": "10.0.6929.25268",
      "Dependencies": []
    },
    "UiPath.Cognitive.Activities": {
      "Id": "UiPath.Cognitive.Activities",
      "Version": "2.0.6716.19435",
      "Dependencies": [
        {
          "Item1": "Newtonsoft.Json",
          "Item2": "[8.0.3, )"
        }
      ]
    },
    "UiPath.Credentials.Activities": {
      "Id": "UiPath.Credentials.Activities",
      "Version": "1.1.6479.13204",
      "Dependencies": [
        {
          "Item1": "CredentialManagement",
          "Item2": "[1.0.2, )"
        }
      ]
    },
    "UiPath.Database.Activities": {
      "Id": "UiPath.Database.Activities",
      "Version": "1.1.6660.26865",
      "Dependencies": []
    },
    "UiPath.Excel.Activities": {
      "Id": "UiPath.Excel.Activities",
      "Version": "2.3.6682.26635",
      "Dependencies": [
        {
          "Item1": "ClosedXML",
          "Item2": "[0.87.1, )"
        },
        {
          "Item1": "CsvHelper",
          "Item2": "[2.13.5, )"
        },
        {
          "Item1": "DocumentFormat.OpenXml",
          "Item2": "[2.5.0, )"
        },
        {
          "Item1": "EPPlus",
          "Item2": "[4.0.4, )"
        },
        {
          "Item1": "NPOI",
          "Item2": "[2.2.1, )"
        }
      ]
    },
    "UiPath.FTP.Activities": {
      "Id": "UiPath.FTP.Activities",
      "Version": "1.0.6479.13206",
      "Dependencies": [
        {
          "Item1": "SSH.NET",
          "Item2": "[2013.4.7, )"
        },
        {
          "Item1": "System.Net.FtpClient",
          "Item2": "[1.0.5281.14359, )"
        }
      ]
    },
    "UiPath.IntelligentOCR.Activities": {
      "Id": "UiPath.IntelligentOCR.Activities",
      "Version": "1.0.6725.18428",
      "Dependencies": []
    },
    "UiPath.Mail.Activities": {
      "Id": "UiPath.Mail.Activities",
      "Version": "1.1.6562.21018",
      "Dependencies": [
        {
          "Item1": "Microsoft.Exchange.WebServices",
          "Item2": "[2.2.0, )"
        },
        {
          "Item1": "BouncyCastle",
          "Item2": "[1.8.1, )"
        }
      ]
    },
    "UiPath.PDF.Activities": {
      "Id": "UiPath.PDF.Activities",
      "Version": "1.1.6732.21973",
      "Dependencies": []
    },
    "UiPath.Python.Activities": {
      "Id": "UiPath.Python.Activities",
      "Version": "1.0.6716.23055",
      "Dependencies": []
    },
    "UiPath.System.Activities": {
      "Id": "UiPath.System.Activities",
      "Version": "18.4.2",
      "Dependencies": [
        {
          "Item1": "CsvHelper",
          "Item2": "[2.13.5, )"
        },
        {
          "Item1": "Microsoft.Rest.ClientRuntime",
          "Item2": "[2.3.10, )"
        },
        {
          "Item1": "Newtonsoft.Json",
          "Item2": "[10.0.3, )"
        }
      ]
    },
    "UiPath.Terminal.Activities": {
      "Id": "UiPath.Terminal.Activities",
      "Version": "1.1.6464.20815",
      "Dependencies": [
        {
          "Item1": "Fluent.Ribbon",
          "Item2": "[3.5.1.198, )"
        }
      ]
    },
    "UiPath.UIAutomation.Activities": {
      "Id": "UiPath.UIAutomation.Activities",
      "Version": "18.4.3",
      "Dependencies": [
        {
          "Item1": "AvalonEdit",
          "Item2": "[5.0.3, )"
        },
        {
          "Item1": "Caliburn.Micro",
          "Item2": "[3.0.1, )"
        },
        {
          "Item1": "Extended.Wpf.Toolkit",
          "Item2": "[2.8.0, )"
        },
        {
          "Item1": "Humanizer.Core",
          "Item2": "[2.4.2, )"
        },
        {
          "Item1": "UiPath.Vision",
          "Item2": "[1.2.0, )"
        },
        {
          "Item1": "UiPath",
          "Item2": "[10.0.6929.25268, )"
        }
      ]
    },
    "UiPath.Vision": {
      "Id": "UiPath.Vision",
      "Version": "1.2.0",
      "Dependencies": []
    },
    "UiPath.WebAPI.Activities": {
      "Id": "UiPath.WebAPI.Activities",
      "Version": "1.1.6479.13209",
      "Dependencies": [
        {
          "Item1": "AvalonEdit",
          "Item2": "[4.4.2.9744, )"
        },
        {
          "Item1": "Newtonsoft.Json",
          "Item2": "[8.0.3, )"
        },
        {
          "Item1": "RestSharp",
          "Item2": "[105.0.1, )"
        }
      ]
    },
    "UiPath.Word.Activities": {
      "Id": "UiPath.Word.Activities",
      "Version": "1.1.6479.13205",
      "Dependencies": [
        {
          "Item1": "DocX",
          "Item2": "[1.0.0.18, )"
        }
      ]
    }
  }
}